City_ID,City,Country,Lat,Lng,Max Temp,Humidity,Cloudiness,Wind Speed,Weather Description
0,Puerto Ayora,EC,-0.74,-90.35,70.0,91,81,3.0,broken clouds
1,Bluff,NZ,-46.6,168.33,55.0,64,85,14.0,overcast clouds
2,Yulara,AU,-25.24,130.99,86.0,13,23,11.41,few clouds
3,Thompson,CA,55.74,-97.86,23.0,92,75,6.93,broken clouds
4,Tuatapere,NZ,-46.13,167.68,55.0,64,47,14.0,scattered clouds
5,Khatanga,RU,71.97,102.5,5.16,95,98,5.91,overcast clouds
6,Okhotsk,RU,59.38,143.3,20.35,87,100,18.28,overcast clouds
7,Lorengau,PG,-2.02,147.27,86.77,65,20,5.28,few clouds
8,Rikitea,PF,-23.12,-134.97,74.37,85,88,23.13,light rain
9,Kambove,CD,-10.88,26.6,64.06,53,4,3.71,clear sky
10,Fredericton,CA,45.95,-66.67,50.0,93,90,16.11,overcast clouds
11,Laibin,CN,23.7,109.27,66.24,72,100,14.03,overcast clouds
12,Sambava,MG,-14.27,50.17,69.01,76,60,9.64,broken clouds
13,Iqaluit,CA,63.75,-68.51,12.2,85,90,4.7,light snow
14,Ushuaia,AR,-54.8,-68.3,59.0,51,75,19.46,broken clouds
15,Barrow,US,71.29,-156.79,28.4,68,75,18.34,broken clouds
16,Koraput,IN,18.82,82.72,64.54,90,1,2.13,clear sky
17,Tiksi,RU,71.69,128.87,-5.01,90,0,6.96,clear sky
18,Norman Wells,CA,65.28,-126.83,6.8,71,75,10.29,broken clouds
19,Cape Town,ZA,-33.93,18.42,66.0,72,0,5.82,clear sky
20,Hobart,AU,-42.88,147.33,68.0,63,75,10.29,broken clouds
21,Cidreira,BR,-30.18,-50.21,62.26,66,13,6.96,few clouds
22,Albany,US,42.6,-73.97,41.0,77,98,3.0,light rain
23,Nouadhibou,MR,20.93,-17.03,77.0,47,100,14.99,overcast clouds
24,Aykhal,RU,66.0,111.5,6.8,84,90,8.95,light snow
25,Vaini,TO,-21.2,-175.2,78.8,78,75,10.29,broken clouds
26,Mataura,NZ,-46.19,168.86,55.0,64,57,14.0,broken clouds
27,Qaanaaq,GL,77.48,-69.36,2.82,74,0,6.69,clear sky
28,Hithadhoo,MV,-0.6,73.08,83.48,73,100,8.37,light rain
29,Thaton,MM,16.92,97.37,75.51,93,0,2.98,clear sky
30,Laguna,US,38.42,-121.42,81.0,19,1,4.7,clear sky
31,Berdigestyakh,RU,62.1,126.7,-5.48,91,87,3.31,overcast clouds
32,Victoria,HK,22.29,114.16,75.99,70,80,7.47,broken clouds
33,Busselton,AU,-33.65,115.33,59.0,74,76,5.57,broken clouds
34,Georgetown,MY,5.41,100.34,78.8,94,40,2.24,scattered clouds
35,Butaritari,KI,3.07,172.79,82.11,76,32,9.24,scattered clouds
36,Santander,ES,43.46,-3.8,64.4,88,0,5.82,clear sky
37,Jamestown,US,42.1,-79.24,34.0,92,90,16.11,light snow
38,Toora-Khem,RU,52.47,96.11,19.27,95,6,1.92,clear sky
39,Atuona,PF,-9.8,-139.03,77.59,78,73,14.41,light rain
40,Hilo,US,19.73,-155.09,87.8,55,1,6.93,clear sky
41,Kapaa,US,22.08,-159.32,82.4,78,75,14.99,broken clouds
42,Bolshoy Lug,RU,52.08,104.09,3.2,91,0,6.71,clear sky
43,Zhucheng,CN,35.99,119.4,51.93,43,0,2.42,clear sky
44,Chapais,CA,49.78,-74.85,32.0,100,90,6.93,light snow
45,Lavrentiya,RU,65.58,-171.0,22.96,87,11,4.79,few clouds
46,Port Hardy,CA,50.7,-127.42,55.4,62,75,5.82,broken clouds
47,Guerrero Negro,MX,27.98,-114.06,75.79,46,13,12.62,few clouds
48,Punta Arenas,CL,-53.15,-70.92,53.6,76,0,8.05,clear sky
49,Huarmey,PE,-10.07,-78.15,62.55,81,99,7.94,overcast clouds
50,New Norfolk,AU,-42.78,147.06,68.0,46,98,1.99,overcast clouds
51,Russell,US,32.35,-85.2,69.8,63,1,9.17,clear sky
52,Mandan,US,46.83,-100.89,48.2,56,1,11.41,clear sky
53,Ocean Springs,US,30.41,-88.83,71.6,49,1,9.17,clear sky
54,Bethanien,NA,-26.5,17.16,61.54,32,16,1.01,few clouds
55,Saldanha,ZA,-33.01,17.94,64.4,68,0,4.7,clear sky
56,Nhamunda,BR,-2.19,-56.71,85.57,47,23,2.51,few clouds
57,Mareeba,AU,-17.0,145.43,88.0,58,0,8.05,clear sky
58,Enshi,CN,30.3,109.48,54.46,76,100,1.05,overcast clouds
59,Airai,TL,-8.93,125.41,73.33,53,72,3.71,broken clouds
60,Manzhouli,CN,49.6,117.43,18.05,85,35,16.8,scattered clouds
61,Belyy Yar,RU,53.6,91.39,19.4,92,65,4.5,fog
62,Hobyo,SO,5.35,48.53,79.88,77,0,1.63,light rain
63,Sao Filipe,CV,14.9,-24.5,79.11,76,79,9.17,broken clouds
64,Tura,IN,25.52,90.22,68.25,96,97,1.86,overcast clouds
65,Leningradskiy,RU,69.38,178.42,16.11,82,86,5.17,overcast clouds
66,Saskylakh,RU,71.92,114.08,-10.08,88,74,10.47,broken clouds
67,Ola,RU,59.58,151.28,30.65,93,99,8.1,overcast clouds
68,Buta,CD,2.79,24.73,70.05,98,100,1.74,light rain
69,Faanui,PF,-16.48,-151.75,80.29,80,24,21.72,light rain
70,Broken Hill,AU,-31.95,141.43,75.2,44,0,10.29,clear sky
71,San Patricio,US,28.02,-97.52,77.0,47,20,10.29,few clouds
72,Husavik,IS,66.04,-17.34,37.4,59,40,5.82,scattered clouds
73,Topolobampo,MX,25.6,-109.05,90.0,54,78,4.0,broken clouds
74,Inuvik,CA,68.35,-133.72,10.4,85,98,1.12,overcast clouds
75,Bud,US,39.45,-86.18,37.99,51,1,9.17,clear sky
76,Lake City,US,30.19,-82.64,68.0,93,1,7.05,clear sky
77,Sinnamary,GF,5.38,-52.95,81.03,80,82,10.27,broken clouds
78,Palu,ID,-0.89,119.87,81.09,76,100,1.83,overcast clouds
79,Torbay,CA,47.67,-52.73,37.0,74,20,11.41,few clouds
80,Madimba,TZ,-10.4,40.33,75.54,81,98,4.97,overcast clouds
81,Narsaq,GL,60.92,-46.05,21.2,73,0,5.82,clear sky
82,Salalah,OM,17.02,54.09,73.4,46,0,4.7,clear sky
83,Rio Gallegos,AR,-51.62,-69.22,55.4,54,0,8.05,clear sky
84,Cockburn Town,TC,21.46,-71.14,82.4,69,40,11.41,scattered clouds
85,Moose Factory,CA,51.26,-80.61,28.4,79,90,17.22,light snow
86,Port Alfred,ZA,-33.59,26.89,64.51,85,29,17.45,scattered clouds
87,Avarua,CK,-21.21,-159.78,78.8,88,73,17.22,light rain
88,Verkhnyaya Inta,RU,65.98,60.31,25.77,97,100,14.43,overcast clouds
89,Kaitangata,NZ,-46.28,169.85,55.0,60,58,5.01,broken clouds
90,Dikson,RU,73.51,80.55,18.37,98,99,8.57,overcast clouds
91,Bengkulu,ID,-3.8,102.27,76.95,86,99,4.61,overcast clouds
92,Mirnyy,RU,62.54,113.96,-7.6,76,0,8.95,clear sky
93,Atambua,ID,-9.11,124.89,85.24,49,40,1.97,scattered clouds
94,Kitimat,CA,54.05,-128.65,48.99,96,100,1.01,overcast clouds
95,Santa Marta,CO,11.24,-74.2,82.99,80,98,4.21,light rain
96,Coquimbo,CL,-29.95,-71.34,55.4,82,75,6.93,broken clouds
97,Meybod,IR,32.25,54.02,55.4,22,0,4.7,clear sky
98,Tuktoyaktuk,CA,69.45,-133.04,14.0,85,90,13.87,light snow
99,Shenjiamen,CN,29.96,122.3,63.28,84,100,16.71,light rain
100,Vila Velha,BR,-20.33,-40.29,71.6,78,75,19.46,broken clouds
101,Lasa,IT,46.62,10.7,50.0,76,75,4.7,broken clouds
102,Rondonopolis,BR,-16.47,-54.64,77.5,62,53,3.67,broken clouds
103,Sao Joao Da Barra,BR,-21.64,-41.05,68.56,78,92,15.1,overcast clouds
104,Lebu,CL,-37.62,-73.65,52.7,95,74,4.03,broken clouds
105,Winnemucca,US,40.97,-117.74,73.4,11,1,3.36,clear sky
106,Beringovskiy,RU,63.05,179.32,24.48,94,100,2.59,overcast clouds
107,Roald,NO,62.58,6.13,50.0,66,83,11.41,light rain
108,Longyearbyen,SJ,78.22,15.64,35.6,69,0,31.09,clear sky
109,Poum,NC,-20.23,164.02,79.03,76,1,14.32,clear sky
110,Quatre Cocos,MU,-20.21,57.76,69.8,73,20,8.05,few clouds
111,Araouane,ML,18.9,-3.53,83.57,15,100,5.91,overcast clouds
112,Cap Malheureux,MU,-19.98,57.61,68.0,69,38,1.99,scattered clouds
113,Chuy,UY,-33.7,-53.46,53.46,82,0,5.77,clear sky
114,Shahrud,IR,36.42,54.98,52.29,42,8,1.86,clear sky
115,Esperance,AU,-33.87,121.9,66.2,93,99,13.87,overcast clouds
116,Sur,OM,22.57,59.53,70.21,31,0,3.91,clear sky
117,Constitucion,CL,-35.33,-72.42,52.34,90,54,6.29,broken clouds
118,Rawson,AR,-43.3,-65.1,76.28,25,34,25.1,scattered clouds
119,Atlantic City,US,39.36,-74.42,54.0,93,20,3.36,few clouds
120,Gidam,IN,18.98,81.4,65.05,90,0,1.97,clear sky
121,Bridlington,GB,54.08,-0.19,64.4,77,100,23.04,light rain
122,Erdemli,TR,36.6,34.31,67.01,63,33,2.91,scattered clouds
123,Bredasdorp,ZA,-34.53,20.04,64.4,82,55,10.29,broken clouds
124,Ribeira Grande,PT,38.52,-28.7,64.2,73,88,17.25,overcast clouds
125,Turukhansk,RU,65.82,87.98,21.72,98,100,10.83,light snow
126,Abu Dhabi,AE,24.47,54.37,75.2,78,0,1.12,clear sky
127,Aksu,CN,41.12,80.26,35.42,72,0,0.49,clear sky
128,Mar Del Plata,AR,-38.0,-57.56,60.01,72,0,3.36,clear sky
129,Algiers,DZ,36.75,3.04,50.0,93,20,2.1,few clouds
130,Makakilo City,US,21.35,-158.09,82.4,65,20,8.05,few clouds
131,Pevek,RU,69.7,170.31,14.9,93,98,10.07,overcast clouds
132,Sangar,RU,63.92,127.47,-7.64,90,100,5.37,overcast clouds
133,Anadyr,RU,64.75,177.48,15.8,92,75,4.47,light snow
134,Isabela,PH,6.71,121.97,82.4,83,40,8.05,scattered clouds
135,Moyale,KE,3.52,39.06,65.82,89,81,3.96,light rain
136,Carnarvon,AU,-24.87,113.63,69.8,60,2,16.11,clear sky
137,Mount Gambier,AU,-37.83,140.77,69.8,56,47,8.05,scattered clouds
138,Plettenberg Bay,ZA,-34.05,23.37,62.11,87,0,6.26,clear sky
139,Kisangani,CD,0.52,25.2,69.93,98,100,0.65,moderate rain
140,Oistins,BB,13.07,-59.53,82.4,78,75,23.04,broken clouds
141,Alice Springs,AU,-23.7,133.88,82.4,14,0,13.87,clear sky
142,Mikhaylovskoye,RU,51.82,79.72,34.5,86,92,6.53,overcast clouds
143,Southbridge,US,42.08,-72.03,48.0,99,100,3.74,moderate rain
144,Hermanus,ZA,-34.42,19.23,64.0,82,20,7.0,few clouds
145,Kameno,BG,42.57,27.3,50.0,81,0,8.05,clear sky
146,Northam,GB,51.03,-4.22,62.01,96,100,21.99,overcast clouds
147,Bambous Virieux,MU,-20.34,57.76,69.8,73,20,8.05,few clouds
148,Kangaatsiaq,GL,68.31,-53.46,30.24,93,100,18.52,overcast clouds
149,Berlevag,NO,70.86,29.09,37.4,84,0,14.99,clear sky
150,Nikolskoye,RU,59.7,30.79,33.8,100,90,6.71,mist
151,Deputatskiy,RU,69.3,139.9,-15.59,88,56,6.35,broken clouds
152,Chaplynka,UA,46.37,33.54,48.9,87,100,14.79,light rain
153,Ewa Beach,US,21.32,-158.01,82.4,65,20,8.05,few clouds
154,Bethel,US,41.37,-73.41,52.0,97,100,1.01,light rain
155,Komsomolskiy,UZ,40.43,71.72,46.4,33,100,6.93,overcast clouds
156,Lewistown,US,40.6,-77.57,42.8,80,20,21.92,few clouds
157,Broome,US,42.25,-75.83,39.0,93,40,5.82,scattered clouds
158,Havre-Saint-Pierre,CA,50.23,-63.6,39.2,86,85,21.05,overcast clouds
159,Chokurdakh,RU,70.63,147.92,-0.26,94,100,11.03,light snow
160,Mildura,AU,-34.2,142.15,82.0,47,8,2.24,clear sky
161,Nacala,MZ,-14.54,40.67,73.94,73,17,1.9,few clouds
162,Lakeville,US,44.65,-93.24,35.01,49,10,6.13,clear sky
163,Caravelas,BR,-17.71,-39.25,71.46,83,100,9.22,overcast clouds
164,Toamasina,MG,-18.17,49.38,64.4,93,75,3.36,broken clouds
165,Sunland Park,US,31.8,-106.58,71.6,24,1,11.41,clear sky
166,Tautira,PF,-17.73,-149.15,82.4,74,20,11.41,shower rain
167,Shimoda,JP,34.67,138.95,68.0,82,75,8.05,broken clouds
168,Pietersburg,ZA,-23.9,29.47,59.0,77,41,4.7,scattered clouds
169,Karoi,ZW,-16.81,29.69,65.23,63,9,10.2,clear sky
170,Te Anau,NZ,-45.42,167.72,57.65,44,81,1.16,broken clouds
171,Nalut,LY,30.33,10.85,59.49,66,0,9.53,clear sky
172,Valdivia,CL,-39.81,-73.25,57.2,82,36,8.05,scattered clouds
173,Trindade,BR,-16.65,-49.49,82.4,51,0,3.36,clear sky
174,Huadian,CN,42.96,126.75,35.91,68,0,11.3,clear sky
175,Upernavik,GL,72.79,-56.15,16.45,92,97,3.29,overcast clouds
176,Kruisfontein,ZA,-34.0,24.73,64.99,81,29,1.99,scattered clouds
177,Salinopolis,BR,-0.61,-47.36,80.11,81,96,11.45,overcast clouds
178,Tanout,NE,14.97,8.89,74.28,22,0,12.44,clear sky
179,Luanda,AO,-8.84,13.23,78.8,83,75,6.93,broken clouds
180,Mount Isa,AU,-20.73,139.5,87.8,14,0,13.87,clear sky
181,Gladstone,AU,-23.85,151.25,82.4,58,75,4.7,broken clouds
182,La Asuncion,VE,11.03,-63.86,78.8,94,72,5.82,light rain
183,Vestmannaeyjar,IS,63.44,-20.27,38.5,75,1,18.37,clear sky
184,Okha,RU,53.57,142.95,42.06,97,100,13.56,moderate rain
185,Ostrovnoy,RU,68.05,39.51,38.53,92,100,22.44,overcast clouds
186,Mahebourg,MU,-20.41,57.7,69.8,73,20,8.05,few clouds
187,Vanavara,RU,60.34,102.28,17.46,96,100,10.38,light snow
188,Port Elizabeth,ZA,-33.92,25.57,64.4,88,0,10.29,clear sky
189,Sorland,NO,67.67,12.69,50.77,75,100,26.8,overcast clouds
190,Cabo San Lucas,MX,22.89,-109.91,86.0,43,25,1.99,scattered clouds
191,Wajima,JP,37.4,136.9,57.2,93,75,11.41,light intensity shower rain
192,Saint-Ambroise,CA,48.55,-71.33,39.2,86,100,6.93,moderate rain
193,Lagoa,PT,39.05,-27.98,62.8,73,96,14.65,overcast clouds
194,Saint-Augustin,CA,51.23,-58.65,36.66,93,86,22.77,overcast clouds
195,Bom Jesus,BR,-9.07,-44.36,76.71,76,89,1.3,light rain
196,Mucurapo,TT,10.67,-61.53,78.01,88,40,3.36,shower rain
197,Benguela,AO,-12.58,13.41,76.93,83,38,6.24,scattered clouds
198,Klaksvik,FO,62.23,-6.59,44.6,93,74,4.7,broken clouds
199,Bukama,CD,-9.2,25.85,71.1,78,15,1.41,few clouds
200,Benghazi,LY,32.12,20.07,70.09,64,32,10.85,scattered clouds
201,Camacha,PT,33.08,-16.33,68.0,77,20,3.2,few clouds
202,Kathmandu,NP,27.72,85.32,57.2,93,20,2.24,few clouds
203,Taoudenni,ML,22.68,-3.98,78.69,18,94,16.84,overcast clouds
204,Carupano,VE,10.67,-63.26,79.57,84,73,5.82,broken clouds
205,Arraial Do Cabo,BR,-22.97,-42.03,69.01,74,77,16.78,broken clouds
206,Naze,JP,28.37,129.48,75.2,88,20,8.05,few clouds
207,Baraboo,US,43.47,-89.74,33.8,79,1,8.05,clear sky
208,Luderitz,NA,-26.65,15.16,63.54,58,67,10.74,broken clouds
209,Denpasar,ID,-8.65,115.22,80.82,78,50,6.08,scattered clouds
210,Balingasay,PH,16.36,119.86,81.57,76,88,22.91,overcast clouds
211,Khorixas,NA,-20.37,14.97,71.96,21,22,4.12,few clouds
212,Itoman,JP,26.12,127.67,75.2,83,20,6.93,few clouds
213,Bandarbeyla,SO,9.49,50.81,76.44,77,0,18.28,clear sky
214,Staryy Nadym,RU,65.61,72.68,24.94,96,65,17.2,broken clouds
215,Dakar,SN,14.69,-17.44,78.8,78,0,11.25,clear sky
216,Pierre,US,44.37,-100.35,48.2,34,1,13.87,clear sky
217,Clyde River,CA,70.47,-68.59,10.4,85,20,5.82,few clouds
218,Shitanjing,CN,39.23,106.34,33.64,72,0,4.76,clear sky
219,Watsa,CD,3.04,29.54,63.97,100,87,1.03,light rain
220,Gobabis,NA,-22.45,18.97,75.81,17,68,15.08,broken clouds
221,Paraiso,CR,9.84,-83.87,68.0,94,75,6.93,moderate rain
222,Bohuslav,UA,49.55,30.87,44.38,90,100,11.18,overcast clouds
223,Port Keats,AU,-14.25,129.55,90.86,51,95,3.83,overcast clouds
224,Pisco,PE,-13.7,-76.22,64.4,82,90,13.87,overcast clouds
225,Rathdrum,US,47.81,-116.89,53.6,46,1,11.41,clear sky
226,Bilma,NE,18.69,12.92,70.3,25,0,6.78,clear sky
227,Warwick,US,41.7,-71.42,51.8,100,90,6.93,moderate rain
228,Ponta Do Sol,PT,32.67,-17.1,69.01,72,40,3.36,scattered clouds
229,Pokhara,NP,28.23,83.98,65.71,41,11,4.9,few clouds
230,Galle,LK,6.04,80.22,78.13,80,44,4.99,scattered clouds
231,Valparaiso,CL,-33.04,-71.63,53.6,87,40,8.05,scattered clouds
232,Sabha,LY,27.04,14.43,61.63,61,0,8.86,clear sky
233,Kloulklubed,PW,7.04,134.26,80.6,94,75,4.7,broken clouds
234,Ilulissat,GL,69.22,-51.1,17.6,72,100,5.82,light snow
235,Buala,SB,-8.14,159.59,87.62,64,76,4.29,broken clouds
236,Viedma,AR,-40.81,-63.0,69.01,47,0,19.33,clear sky
237,Kutum,SD,14.2,24.67,72.01,31,37,17.11,scattered clouds
238,Pemba,MZ,-12.97,40.52,76.91,69,44,1.95,scattered clouds
239,Korcula,HR,42.96,17.14,48.2,93,0,2.24,clear sky
240,Nome,US,64.5,-165.41,24.01,79,1,4.38,clear sky
241,Neuquen,AR,-38.95,-68.06,86.0,33,0,3.36,clear sky
242,Atakpame,TG,7.53,1.13,73.85,88,92,3.6,overcast clouds
243,Dingle,PH,11.0,122.67,81.28,83,98,9.4,overcast clouds
244,Zhigansk,RU,66.77,123.37,-0.71,91,88,19.51,overcast clouds
245,Garowe,SO,8.41,48.48,74.37,61,0,8.16,clear sky
246,Nivala,FI,63.92,24.97,42.01,89,100,10.0,overcast clouds
247,East London,ZA,-33.02,27.91,65.5,82,76,14.72,light rain
248,Pascagoula,US,30.37,-88.56,71.6,49,1,9.17,clear sky
249,Sovetskaya,RU,44.78,41.17,59.0,100,99,3.0,moderate rain
250,Hasaki,JP,35.73,140.83,62.6,88,75,2.24,broken clouds
251,Talnakh,RU,69.49,88.4,21.2,85,75,8.95,broken clouds
252,Road Town,VG,18.42,-64.62,82.4,69,40,12.75,scattered clouds
253,Sao Jose Da Coroa Grande,BR,-8.9,-35.15,77.61,83,34,10.58,scattered clouds
254,Zainsk,RU,55.32,52.07,30.2,86,90,8.95,overcast clouds
255,Makokou,GA,0.57,12.86,69.4,98,100,2.82,moderate rain
256,El Fuerte,MX,26.42,-108.62,88.83,27,80,9.53,broken clouds
257,Ca Mau,VN,9.18,105.15,78.33,90,100,3.65,moderate rain
258,Adrar,MR,20.5,-10.07,78.78,17,100,9.86,overcast clouds
259,Saint George,US,37.1,-113.58,78.8,9,1,3.36,clear sky
260,Souillac,MU,-20.52,57.52,69.8,73,20,8.05,few clouds
261,North Bend,US,43.41,-124.22,66.0,72,1,8.05,clear sky
262,Kindu,CD,-2.95,25.95,69.46,97,97,0.58,moderate rain
263,Pacific Grove,US,36.62,-121.92,79.0,63,1,4.7,clear sky
264,Turbat,PK,26.0,63.04,64.81,21,0,9.75,clear sky
265,Wanxian,CN,30.8,108.39,58.21,71,100,2.68,overcast clouds
266,Linjiang,CN,41.81,126.91,36.5,67,0,4.61,clear sky
267,Yellowknife,CA,62.46,-114.35,15.8,85,75,10.29,light snow
268,Oxbow,CA,49.23,-102.17,37.99,62,13,1.01,few clouds
269,Gogrial,SS,8.53,28.1,75.38,71,5,4.41,clear sky
270,Gerede,TR,40.8,32.2,32.31,96,14,2.35,few clouds
271,Port Blair,IN,11.67,92.75,79.66,78,41,2.66,scattered clouds
272,Castel San Giovanni,IT,45.06,9.43,51.01,92,62,1.43,broken clouds
273,Noumea,NC,-22.28,166.46,87.01,45,75,8.05,broken clouds
274,Turayf,SA,31.67,38.66,59.0,100,75,14.99,broken clouds
275,Provideniya,RU,64.38,-173.3,23.0,67,0,4.47,clear sky
276,Jamame,SO,0.07,42.75,76.8,83,72,7.36,broken clouds
277,Lompoc,US,34.64,-120.46,77.0,50,1,8.05,clear sky
278,Tahoua,NE,14.89,5.27,78.08,19,0,11.07,clear sky
279,Kenai,US,60.55,-151.26,25.0,35,1,26.4,clear sky
280,Havoysund,NO,71.0,24.66,42.8,75,0,20.8,clear sky
281,Katsuura,JP,35.13,140.3,64.4,88,75,4.7,mist
282,Haines Junction,CA,60.75,-137.51,12.2,66,100,4.7,overcast clouds
283,Samarai,PG,-10.62,150.67,83.17,75,50,7.74,light rain
284,Abu Samrah,SY,35.3,37.18,58.08,79,79,1.1,broken clouds
285,Kodiak,US,57.79,-152.41,30.2,42,90,16.11,overcast clouds
286,La Libertad,EC,-2.23,-80.9,73.4,83,90,11.41,overcast clouds
287,Siverek,TR,37.76,39.32,66.2,25,75,8.05,light rain
288,Altay,CN,47.87,88.12,28.83,78,0,2.73,clear sky
289,Mackay,AU,-21.15,149.2,82.99,69,40,10.29,scattered clouds
290,Viloco,BO,-16.95,-67.55,45.45,84,77,6.69,broken clouds
291,Moorhead,US,46.87,-96.77,35.6,51,1,12.75,clear sky
292,Kargasok,RU,59.06,80.86,28.89,96,96,11.86,overcast clouds
293,Castro,BR,-24.79,-50.01,51.1,94,22,7.87,few clouds
294,Hamburg,DE,53.55,10.0,61.0,93,75,11.41,broken clouds
295,Coihaique,CL,-45.58,-72.07,69.8,26,0,3.36,clear sky
296,Joshimath,IN,30.57,79.57,47.89,47,0,4.63,clear sky
297,Kavieng,PG,-2.57,150.8,86.58,64,1,4.99,clear sky
298,Jumla,NP,29.27,82.18,44.04,59,0,5.64,clear sky
299,Tasiilaq,GL,65.61,-37.64,28.4,86,60,8.05,broken clouds
300,Dali,CN,25.7,100.18,58.91,89,90,3.44,overcast clouds
301,Harboore,DK,56.62,8.18,55.99,55,100,5.01,light rain
302,Bure,ET,10.7,37.07,56.12,82,59,4.25,broken clouds
303,Gaildorf,DE,49.0,9.77,59.0,82,100,10.29,overcast clouds
304,Kargil,IN,34.57,76.1,25.45,86,0,0.49,clear sky
305,Botou,CN,38.07,116.57,48.06,46,0,7.74,clear sky
306,Chulym,RU,55.1,80.96,34.63,91,100,8.66,overcast clouds
307,Tigil,RU,57.8,158.67,37.69,74,86,9.93,overcast clouds
308,Fangshan,CN,39.7,115.99,54.0,20,28,4.0,scattered clouds
309,Veinticinco De Mayo,AR,-35.43,-60.17,59.41,74,0,7.45,clear sky
310,Iznoski,RU,54.99,35.31,42.22,95,100,8.21,overcast clouds
311,Saint-Francois,FR,46.42,3.91,64.4,68,90,4.7,overcast clouds
312,Dudinka,RU,69.41,86.18,21.2,85,75,8.95,broken clouds
313,San Quintin,MX,30.48,-115.95,72.99,51,0,9.13,clear sky
314,Padilla,CO,3.22,-76.31,78.8,61,40,9.17,scattered clouds
315,Richards Bay,ZA,-28.78,32.04,63.81,96,100,6.42,heavy intensity rain
316,Namibe,AO,-15.2,12.15,71.98,73,46,6.51,scattered clouds
317,Charters Towers,AU,-20.1,146.27,85.73,38,0,11.39,clear sky
318,Isfana,KG,39.84,69.53,39.2,80,100,4.47,mist
319,Perth,AU,-31.93,115.83,63.0,87,75,8.05,broken clouds
320,Avallon,FR,47.48,3.9,64.0,82,100,13.89,overcast clouds
321,Egvekinot,RU,66.32,-179.17,12.09,89,41,1.54,scattered clouds
322,Tessalit,ML,20.2,1.01,74.26,22,40,12.55,scattered clouds
323,Fortuna,US,40.6,-124.16,64.0,67,1,10.29,clear sky
324,Lisala,CD,2.15,21.52,71.17,94,100,1.19,overcast clouds
325,Constantine,DZ,36.37,6.61,50.0,87,0,2.24,clear sky
326,Aripuana,BR,-9.17,-60.63,72.18,99,100,2.71,moderate rain
327,Raton,US,36.9,-104.44,64.4,22,1,11.41,clear sky
328,Majene,ID,-3.54,118.97,82.45,75,100,5.99,overcast clouds
329,Camopi,GF,3.17,-52.32,76.6,86,63,3.47,moderate rain
330,Roura,GF,4.73,-52.33,78.8,100,100,3.36,overcast clouds
331,Zhezkazgan,KZ,47.8,67.71,37.53,62,45,3.15,scattered clouds
332,Upata,VE,8.01,-62.4,77.0,86,96,4.0,heavy intensity rain
333,Moree,AU,-29.47,149.85,73.4,40,0,14.54,clear sky
334,Muisne,EC,0.6,-80.03,75.45,86,62,9.46,broken clouds
335,Sitka,US,57.05,-135.33,46.4,93,90,13.87,heavy intensity rain
336,Kaa-Khem,RU,51.68,94.73,23.18,91,32,3.31,scattered clouds
337,Anderson,US,34.53,-82.65,64.4,39,1,18.34,clear sky
338,Disna,BY,55.57,28.2,38.05,91,55,3.96,broken clouds
339,Portland,US,45.52,-122.68,64.99,39,1,11.41,clear sky
340,Bognor Regis,GB,50.78,-0.68,62.01,98,100,14.0,overcast clouds
341,Tabanan,ID,-8.54,115.13,79.97,77,57,5.32,broken clouds
342,Cavalcante,BR,-13.8,-47.46,70.18,87,61,2.8,broken clouds
343,Jalu,LY,29.03,21.55,64.58,55,2,7.29,clear sky
344,Saint-Philippe,RE,-21.36,55.77,69.8,56,90,8.05,overcast clouds
345,Tilichiki,RU,60.47,166.1,28.18,94,60,4.63,broken clouds
346,Bayshore Gardens,US,27.43,-82.59,81.0,78,1,11.41,clear sky
347,Cascais,PT,38.7,-9.42,64.0,88,97,3.0,overcast clouds
348,Miyang,CN,24.4,103.44,62.92,89,100,3.04,overcast clouds
349,Vyazma,RU,55.21,34.3,40.86,94,100,7.83,overcast clouds
350,Ipixuna,BR,-1.76,-48.8,78.8,83,0,8.05,clear sky
351,Cueto,CU,20.64,-75.94,80.6,78,75,10.29,broken clouds
352,Faya,SA,18.39,42.45,59.0,33,0,1.59,clear sky
353,Billings,US,45.78,-108.5,62.6,23,20,19.46,few clouds
354,Umm Kaddadah,SD,13.6,26.69,80.28,25,3,21.63,clear sky
355,Balaipungut,ID,1.05,101.28,75.31,87,100,2.33,overcast clouds
356,Auburn,US,47.31,-122.23,59.0,58,1,8.05,clear sky
357,Hofn,IS,64.25,-15.21,36.99,74,0,17.76,clear sky
358,Doha,QA,25.29,51.53,77.0,61,0,3.36,clear sky
359,Young,UY,-32.68,-57.63,56.19,77,0,4.43,clear sky
360,Muncar,ID,-8.43,114.33,80.15,80,84,3.02,broken clouds
361,Taiyuan,CN,37.87,112.56,33.8,55,0,4.47,clear sky
362,Leshukonskoye,RU,64.9,45.76,28.89,97,94,6.69,overcast clouds
363,Gabu,GW,12.28,-14.22,76.6,57,10,4.88,clear sky
364,Lazaro Cardenas,MX,17.96,-102.2,82.26,75,1,6.35,clear sky
365,Isangel,VU,-19.55,169.27,82.4,74,75,9.17,broken clouds
366,Cusco,PE,-13.52,-71.98,60.8,48,40,10.29,scattered clouds
367,Flinders,AU,-34.58,150.86,66.99,73,75,5.01,broken clouds
368,Hami,CN,42.8,93.45,37.29,66,0,5.99,clear sky
369,Severomorsk,RU,69.07,33.42,39.2,93,75,8.95,broken clouds
370,Grindavik,IS,63.84,-22.43,35.6,76,90,6.93,overcast clouds
371,Myitkyina,MM,25.38,97.4,69.48,97,97,2.24,light rain
372,Luganville,VU,-15.53,167.17,84.2,70,40,10.29,scattered clouds
373,Praya,CV,14.92,-23.51,77.0,69,20,6.93,few clouds
374,Urubicha,BO,-15.38,-62.95,77.63,38,20,3.24,few clouds
375,Tambopata,PE,-12.73,-69.18,76.8,49,68,2.48,broken clouds
376,Yugorsk,RU,61.31,63.33,26.37,96,8,6.87,clear sky
377,Ahipara,NZ,-35.17,173.17,71.4,65,100,8.1,overcast clouds
378,Batouri,CM,4.43,14.37,67.78,95,78,1.21,broken clouds
379,Riyadh,SA,24.69,46.72,62.6,45,0,6.22,clear sky
380,Shingu,JP,33.73,135.98,69.8,68,75,4.7,broken clouds
381,Chancay,PE,-11.57,-77.27,64.4,77,90,9.17,overcast clouds
382,Odesskoye,RU,54.21,72.97,35.94,83,96,11.52,overcast clouds
383,Lokosovo,RU,61.13,74.82,27.55,97,97,11.39,overcast clouds
384,Ricardo Palma,PE,-11.92,-76.67,64.4,77,90,9.17,overcast clouds
385,Los Llanos De Aridane,ES,28.66,-17.92,73.4,35,0,9.17,clear sky
386,Bengbu,CN,32.94,117.36,57.2,49,51,3.18,light rain
387,Vestmanna,FO,62.16,-7.17,44.6,87,44,11.41,scattered clouds
388,Verkhnevilyuysk,RU,63.45,120.32,0.9,92,22,7.63,few clouds
389,Banda Aceh,ID,5.56,95.32,79.77,79,100,7.54,overcast clouds
390,Bandar-E Lengeh,IR,26.56,54.88,74.61,63,0,2.98,clear sky
391,Codrington,AU,-38.27,141.97,69.21,69,67,7.72,broken clouds
392,Nangomba,TZ,-10.9,38.5,73.36,78,13,3.38,few clouds
393,Sembakung,ID,3.82,117.25,74.8,95,99,1.25,light rain
394,Vadso,NO,70.07,29.75,41.0,93,75,14.99,broken clouds
395,Puerto Escondido,MX,15.85,-97.07,80.8,72,0,3.58,clear sky
396,Manoel Urbano,BR,-8.84,-69.26,76.06,70,63,1.03,broken clouds
397,Thinadhoo,MV,0.53,72.93,83.14,74,98,8.52,moderate rain
398,Maragogi,BR,-9.01,-35.22,77.27,83,19,10.0,few clouds
399,Meulaboh,ID,4.14,96.13,76.15,89,100,2.66,overcast clouds
400,Dunmore Town,BS,25.5,-76.65,81.63,79,5,9.51,clear sky
401,Dzhebariki-Khaya,RU,62.22,135.8,-9.17,86,0,2.86,clear sky
402,Porto Belo,BR,-27.16,-48.55,68.0,60,0,8.05,clear sky
403,Grand Gaube,MU,-20.01,57.66,68.0,69,33,1.99,scattered clouds
404,Suntar,RU,62.14,117.63,0.32,92,8,6.69,clear sky
405,Nanortalik,GL,60.14,-45.24,31.93,86,0,40.58,clear sky
406,Chimbote,PE,-9.09,-78.58,61.03,86,100,7.14,overcast clouds
407,Neiafu,TO,-18.65,-173.98,80.6,78,75,13.87,broken clouds
408,Kharp,RU,66.8,65.81,24.85,95,70,8.5,broken clouds
409,Lata,PT,40.16,-8.33,66.0,93,95,1.01,overcast clouds
410,Tayshet,RU,55.93,98.0,28.31,92,96,3.91,overcast clouds
411,Pyshma,RU,56.95,63.25,29.32,96,5,4.72,clear sky
412,Fare,PF,-16.7,-151.02,80.76,79,12,20.87,few clouds
413,Kununurra,AU,-15.77,128.73,89.6,52,95,1.12,overcast clouds
414,Matamoros,MX,25.53,-103.25,71.42,25,0,17.67,clear sky
415,Bairnsdale,AU,-37.83,147.62,73.0,53,84,1.99,broken clouds
416,Bonfim,BR,3.08,-59.95,80.33,76,99,6.78,overcast clouds
417,Priekule,LV,56.45,21.59,46.4,81,83,10.29,broken clouds
418,Kalemie,CD,-5.95,29.19,71.82,65,58,2.51,broken clouds
419,Saint Anthony,US,45.02,-93.22,36.0,34,1,6.93,clear sky
420,Pangnirtung,CA,66.15,-65.71,9.55,85,88,3.78,overcast clouds
421,Cowra,AU,-33.83,148.68,60.01,66,10,1.99,clear sky
422,Viransehir,TR,37.24,39.76,67.93,23,100,9.78,moderate rain
423,Namuac,PH,18.61,121.17,79.86,86,100,17.52,overcast clouds
424,Sancti Spiritus,CU,21.93,-79.44,76.59,87,72,9.22,broken clouds
425,Hanko,FI,59.83,22.95,48.99,78,98,4.0,overcast clouds
426,Nhulunbuy,AU,-12.23,136.77,87.8,55,4,9.17,clear sky
427,Amazar,RU,53.86,120.88,8.4,78,94,10.8,overcast clouds
428,Kalaleh,IR,37.38,55.49,69.58,24,11,4.07,few clouds
429,Naryan-Mar,RU,67.67,53.09,31.78,98,99,8.43,overcast clouds
430,Irbeyskoye,RU,55.64,95.45,31.51,93,99,4.09,overcast clouds
431,Ganzhou,CN,28.82,115.43,58.48,84,100,4.29,overcast clouds
432,Alibag,IN,18.64,72.88,80.6,65,40,6.93,smoke
433,Awjilah,LY,29.11,21.29,64.2,58,5,6.96,clear sky
434,Lalin,ES,42.72,-8.12,62.6,93,75,16.11,broken clouds
435,Moncada,ES,39.55,-0.4,60.01,76,0,5.82,clear sky
436,Sete,FR,43.4,3.7,53.6,93,90,3.36,mist
437,Alofi,NU,-19.06,-169.92,82.4,74,75,19.46,broken clouds
438,Dukat,RU,62.55,155.55,14.72,95,100,5.03,overcast clouds
439,Dunedin,NZ,-45.87,170.5,59.0,58,78,11.72,broken clouds
440,Port Lincoln,AU,-34.73,135.87,74.25,43,46,14.36,scattered clouds
441,San Matias,BO,-16.37,-58.4,79.79,51,49,4.0,scattered clouds
442,Marzuq,YE,14.4,46.47,58.86,34,0,2.24,clear sky
443,Miri,MY,4.41,114.01,77.0,88,40,4.7,scattered clouds
444,Murmashi,RU,68.82,32.81,39.2,93,75,8.95,broken clouds
445,Manicore,BR,-5.81,-61.3,76.35,94,100,2.44,overcast clouds
446,Pingzhuang,CN,42.04,119.29,31.62,72,25,17.6,scattered clouds
447,Panama City,PA,8.99,-79.52,78.8,94,75,3.36,broken clouds
448,Beisfjord,NO,68.38,17.6,51.8,57,100,33.33,overcast clouds
449,Lingyuan,CN,41.24,119.4,35.98,67,3,8.84,clear sky
450,Lima,PE,-12.04,-77.03,64.4,77,90,9.17,overcast clouds
451,Boulder City,US,35.98,-114.83,82.4,8,1,8.05,clear sky
452,Sangmelima,CM,2.93,11.98,67.77,97,100,2.77,overcast clouds
453,Nong Bua,TH,15.86,100.59,75.88,92,15,1.9,few clouds
454,Barra Do Bugres,BR,-15.07,-57.18,78.71,60,81,3.04,broken clouds
455,Roebourne,AU,-20.78,117.13,75.61,60,94,10.89,overcast clouds
456,Kamina,CD,-8.74,24.99,64.56,89,29,3.98,scattered clouds
457,Grand Bank,CA,47.1,-55.77,43.0,100,56,5.01,broken clouds
458,Vagay,RU,57.94,69.02,29.62,97,96,6.58,overcast clouds
459,Bulungu,CD,-4.55,18.6,71.01,97,100,1.41,moderate rain
460,Marawi,PH,8.0,124.29,80.01,82,100,1.01,overcast clouds
461,Vardo,NO,70.37,31.11,41.0,93,75,14.99,broken clouds
462,Awbari,LY,26.59,12.78,59.81,55,0,6.22,clear sky
463,Umm Lajj,SA,25.02,37.27,77.41,65,3,4.12,clear sky
464,Udachnyy,RU,66.42,112.4,6.8,84,90,8.95,light snow
465,Siilinjarvi,FI,63.08,27.67,39.2,86,90,12.75,overcast clouds
466,Kahului,US,20.89,-156.47,87.8,55,40,14.99,scattered clouds
467,Atar,MR,20.52,-13.05,80.94,18,100,6.49,overcast clouds
468,Batagay,RU,67.63,134.63,-12.93,87,94,4.56,overcast clouds
469,Itarare,BR,-24.11,-49.33,57.0,98,13,3.0,few clouds
470,Skjervoy,NO,70.03,20.97,47.44,77,88,21.68,overcast clouds
471,Kirakira,SB,-10.45,161.92,82.89,77,93,13.4,moderate rain
472,Axim,GH,4.87,-2.24,77.95,89,100,6.62,overcast clouds
473,Pavilosta,LV,56.89,21.19,46.4,81,100,10.29,overcast clouds
474,Reichenau,PL,50.91,14.96,54.0,96,99,5.01,overcast clouds
475,Aleppo,SY,36.25,37.5,64.44,30,68,7.14,broken clouds
476,Muret,FR,43.33,1.25,55.4,87,34,5.82,scattered clouds
477,Maun,BW,-19.98,23.42,78.8,50,0,18.34,clear sky
478,Shatin,AM,39.84,45.3,51.01,44,21,2.77,few clouds
479,Qaqortoq,GL,60.72,-46.03,21.2,73,0,5.82,clear sky
480,Laredo,US,27.51,-99.51,82.4,32,1,10.29,clear sky
481,Ciudad Bolivar,VE,8.12,-63.55,80.58,78,64,8.84,moderate rain
482,Maroua,CM,10.59,14.32,77.59,25,8,6.26,clear sky
483,Razole,IN,16.48,81.83,75.38,81,0,2.15,clear sky
484,Hambantota,LK,6.12,81.12,78.85,81,91,5.01,overcast clouds
485,Sola,VU,-13.88,167.55,81.03,83,67,18.79,broken clouds
486,Nipawin,CA,53.37,-104.0,42.8,60,90,10.29,overcast clouds
487,Santa Lucia,ES,27.91,-15.54,73.99,64,0,20.8,clear sky
488,Poya,NC,-21.35,165.15,83.75,55,52,3.78,broken clouds
489,Charkhari,IN,25.4,79.75,65.5,26,3,5.61,clear sky
490,Nolinsk,RU,57.56,49.94,27.73,97,0,3.44,clear sky
491,Balclutha,NZ,-46.23,169.75,54.0,61,53,8.01,broken clouds
492,Sistranda,NO,63.73,8.83,53.6,58,0,28.86,moderate rain
493,Phuket,TH,8.0,98.25,75.2,94,40,2.24,scattered clouds
494,Camocim,BR,-2.9,-40.84,79.02,83,45,9.53,scattered clouds
495,Mtsamboro,YT,-12.7,45.07,73.4,83,0,1.12,clear sky
496,Amalner,IN,21.05,75.07,70.97,46,0,1.28,clear sky
497,Ahuimanu,US,21.44,-157.84,82.4,65,20,9.17,few clouds
498,Miram Shah,PK,33.01,70.07,58.91,20,0,8.25,clear sky
499,Arlit,NE,18.74,7.39,72.82,25,70,8.19,broken clouds
500,Praia Da Vitoria,PT,38.73,-27.07,64.0,93,75,12.57,broken clouds
501,Sioux Lookout,CA,50.1,-91.92,24.8,53,75,9.17,broken clouds
502,Hamilton,US,39.18,-84.53,39.99,44,90,19.46,overcast clouds
503,Gorontalo,ID,0.54,123.06,83.21,62,100,5.7,overcast clouds
504,Uglezavodsk,RU,47.32,142.62,51.8,87,75,13.42,broken clouds
505,Harrisburg,US,40.27,-76.88,48.2,70,1,6.93,clear sky
506,Holme,DK,56.11,10.17,57.2,93,96,6.93,moderate rain
507,Fairbanks,US,64.84,-147.72,1.99,84,20,1.16,few clouds
508,Sweetwater,US,25.76,-80.37,82.0,83,40,9.17,scattered clouds
509,Khandyga,RU,62.67,135.6,-10.16,84,0,1.66,clear sky
510,Orlovskiy,RU,46.87,42.06,54.27,92,90,6.91,light rain
511,Mayo,US,38.89,-76.51,55.4,100,40,16.11,scattered clouds
512,Severo-Kurilsk,RU,50.68,156.12,43.63,70,3,8.97,clear sky
513,Naples,IT,40.83,14.25,61.0,82,75,1.12,broken clouds
514,Shakawe,BW,-18.37,21.85,74.32,27,66,0.34,broken clouds
515,San Policarpo,PH,12.18,125.51,79.54,83,92,4.83,overcast clouds
516,Irbil,IQ,36.19,44.01,69.64,23,39,9.22,scattered clouds
517,Shaoxing,CN,30.01,120.57,60.8,93,75,4.47,mist
518,Kaura Namoda,NG,12.59,6.58,75.79,21,17,8.16,few clouds
519,Rayong,TH,12.83,101.43,81.0,87,60,7.27,broken clouds
520,Morris,US,40.83,-74.53,52.0,93,100,1.99,light rain
521,Bollnas,SE,61.35,16.39,48.51,82,100,11.95,overcast clouds
522,Ayan,RU,56.45,138.17,27.09,98,100,21.85,snow
523,Odweyne,SO,9.41,45.06,69.44,23,0,12.75,clear sky
524,Kuruman,ZA,-27.45,23.43,60.01,77,0,14.83,clear sky
525,Itanhandu,BR,-22.3,-44.93,54.7,87,46,5.64,scattered clouds
526,Tazovskiy,RU,67.47,78.7,21.22,97,99,15.14,overcast clouds
527,Vytegra,RU,61.01,36.45,29.88,95,0,5.48,clear sky
528,Teruel,ES,40.67,-0.67,53.6,65,0,2.24,clear sky
529,Shu,KZ,43.6,73.76,41.0,62,67,1.81,broken clouds
530,Jiuquan,CN,39.74,98.52,32.11,84,0,3.85,clear sky
531,Aquiraz,BR,-3.9,-38.39,80.6,83,40,10.29,scattered clouds
532,Sibolga,ID,1.74,98.78,77.0,83,93,2.13,moderate rain
533,Elliot Lake,CA,46.38,-82.63,33.8,64,90,23.04,overcast clouds
534,Bismil,TR,37.85,40.67,71.6,24,75,6.93,broken clouds
535,Draguignan,FR,43.53,6.47,55.99,100,90,2.84,mist
536,Ukiah,US,39.15,-123.21,87.8,10,1,5.82,clear sky
537,Kikwit,CD,-5.04,18.82,71.01,96,100,1.41,light rain
538,Avera,US,33.19,-82.53,60.8,87,1,4.7,clear sky
539,Bouloupari,NC,-21.87,166.05,86.0,45,75,8.05,broken clouds
540,Baykit,RU,61.67,96.37,23.14,95,100,5.17,light snow
541,Ixtapa,MX,20.7,-105.2,84.0,83,8,5.01,clear sky
542,Saint-Joseph,RE,-21.37,55.62,69.8,56,90,8.05,overcast clouds
543,Pincher Creek,CA,49.48,-113.95,57.2,33,61,8.05,broken clouds
544,Suluq,LY,31.67,20.25,63.93,70,14,4.25,few clouds
545,Dwarka,IN,22.24,68.97,79.86,50,23,10.45,few clouds
546,Rio Grande,BR,-32.03,-52.1,57.99,86,0,6.76,clear sky
547,Padang,ID,-0.95,100.35,79.12,71,99,3.06,heavy intensity rain
548,Lusaka,ZM,-15.41,28.29,67.78,61,0,11.01,clear sky
549,Adelaide,AU,-34.93,138.6,81.0,26,0,16.11,clear sky
550,Bac Lieu,VN,9.29,105.72,79.97,86,100,7.25,overcast clouds
551,Merauke,ID,-8.47,140.33,85.24,67,91,8.14,overcast clouds
552,Banjar,ID,-8.19,114.97,85.12,57,82,1.23,broken clouds
553,Muros,ES,42.78,-9.06,66.99,90,100,15.01,overcast clouds
554,Port Hedland,AU,-20.32,118.57,78.8,65,40,13.87,scattered clouds
555,Novozavidovskiy,RU,56.55,36.43,39.36,90,100,7.99,overcast clouds
556,San Andres,CO,12.58,-81.7,80.6,88,90,12.75,overcast clouds
557,Vanimo,PG,-2.67,141.3,85.91,63,99,5.97,moderate rain
558,Ongole,IN,15.5,80.05,75.4,75,36,7.18,scattered clouds
559,Kashi,CN,39.45,75.98,41.0,41,0,8.95,clear sky
560,Matara,LK,5.95,80.54,76.68,84,60,5.57,broken clouds
561,Cartagena,CO,10.4,-75.51,82.4,88,75,3.36,broken clouds
562,Tuskegee,US,32.42,-85.69,64.4,55,1,6.93,clear sky
563,Cayenne,GF,4.93,-52.33,78.8,100,97,3.36,light rain
564,Ankang,CN,32.68,109.02,52.61,57,83,0.78,broken clouds
565,Cherskiy,RU,68.75,161.3,2.19,93,99,5.41,overcast clouds
566,Lara,AU,-38.02,144.4,66.99,100,90,8.05,overcast clouds
567,Barra Patuca,HN,15.8,-84.28,79.61,86,100,8.34,moderate rain
568,Asau,RO,46.43,26.4,39.99,89,3,5.84,clear sky
569,Biak,ID,-0.91,122.88,82.09,68,100,5.99,overcast clouds
570,Skibotn,NO,69.39,20.27,37.4,77,0,28.86,clear sky
571,Margate,GB,51.38,1.39,63.0,90,100,4.0,overcast clouds
572,Nelson Bay,AU,-32.72,152.15,69.01,68,75,24.16,broken clouds
573,Ancud,CL,-41.87,-73.82,57.0,82,60,6.93,broken clouds
574,Port Hueneme,US,34.15,-119.2,75.2,49,1,5.82,clear sky
575,Ous,RU,60.91,61.52,24.46,97,1,4.27,clear sky
576,La Cruz,MX,23.92,-106.9,80.02,68,22,7.2,few clouds
577,Zambezi,ZM,-13.54,23.1,67.17,38,5,4.23,clear sky
578,Nuevitas,CU,21.55,-77.26,80.6,83,20,10.29,few clouds
579,Gberia Fotombu,SL,9.88,-11.17,71.2,61,9,2.48,clear sky
580,Mitsamiouli,KM,-11.38,43.28,76.71,75,96,8.19,overcast clouds
581,Nemuro,JP,43.32,145.57,57.22,87,93,24.67,light rain
582,Santa Maria,BR,-29.68,-53.81,60.57,80,2,8.93,clear sky
583,Ngorongoro,TZ,-3.24,35.49,51.04,100,8,5.44,clear sky
584,Kathu,TH,7.92,98.33,75.2,94,40,2.24,scattered clouds
585,Mumford,GH,5.26,-0.76,78.76,88,100,9.06,overcast clouds
586,Kipini,KE,-2.53,40.53,77.0,88,20,3.36,few clouds
587,Rocha,UY,-34.48,-54.33,49.93,86,0,2.48,clear sky
588,Kaili,ID,-3.46,120.21,74.7,84,100,0.69,overcast clouds
589,Altus,US,34.64,-99.33,68.0,36,1,3.36,clear sky
590,Chaozhou,CN,23.67,116.64,66.2,93,0,6.17,clear sky
591,Victor Harbor,AU,-35.57,138.62,69.01,68,61,1.01,broken clouds
592,Jacareacanga,BR,-6.22,-57.75,74.35,97,100,0.43,heavy intensity rain
593,Sakakah,SA,29.97,40.21,71.6,24,20,6.93,few clouds
594,Zeya,RU,53.75,127.27,18.12,87,100,9.51,overcast clouds
595,Aitape,PG,-3.14,142.35,86.25,62,95,3.51,moderate rain
596,Kiama,AU,-34.68,150.87,66.99,73,82,5.01,broken clouds
597,Khani,GE,41.96,42.96,57.2,100,75,4.7,mist
598,Ust-Nera,RU,64.57,143.2,-13.25,80,51,5.06,broken clouds
599,San Pedro,PH,14.35,121.02,78.8,88,90,4.7,overcast clouds
600,Camiri,BO,-20.05,-63.52,80.6,26,0,4.7,clear sky
601,Marsh Harbour,BS,26.54,-77.06,80.2,82,1,8.72,clear sky
602,Orange Cove,US,36.62,-119.31,82.0,24,1,3.36,clear sky
603,Tenosique,MX,17.48,-91.43,74.88,93,91,7.11,moderate rain
604,Kemi,FI,65.86,24.82,44.6,81,100,16.11,overcast clouds
605,Cordoba,AR,-31.41,-64.18,70.0,30,0,10.29,clear sky
606,Satis,RU,54.92,43.23,41.88,92,100,6.2,moderate rain
607,Fujin,CN,47.26,132.03,35.1,79,13,14.63,few clouds
608,Alzamay,RU,55.56,98.66,27.19,88,99,3.91,overcast clouds
609,Mao,ES,39.89,4.27,64.4,82,3,9.17,clear sky
610,Brokopondo,SR,4.75,-55.17,75.45,84,99,14.32,overcast clouds
611,Kayes,ML,14.0,-11.0,79.83,20,17,1.12,few clouds
612,La Paz,BO,-16.5,-68.15,50.0,57,40,8.05,scattered clouds
613,Cabedelo,BR,-6.98,-34.83,78.8,83,40,9.17,scattered clouds
614,Khilok,RU,51.37,110.47,11.39,92,95,6.22,overcast clouds
615,Grand-Santi,GF,4.25,-54.38,74.88,96,74,2.37,broken clouds
616,Nakusp,CA,50.25,-117.8,41.0,75,1,1.12,clear sky
617,Krasnoselkup,RU,65.7,82.47,22.12,97,95,15.77,overcast clouds
618,Miandrivazo,MG,-19.52,45.47,77.45,70,19,2.01,few clouds
619,Staicele,LV,57.84,24.75,42.01,84,4,1.01,clear sky
620,Koungheul,SN,13.98,-14.8,82.54,30,3,5.32,clear sky
621,Vila Franca Do Campo,PT,37.72,-25.43,62.6,88,75,24.16,broken clouds
622,Nyurba,RU,63.28,118.33,0.79,92,48,9.4,scattered clouds
623,Srednekolymsk,RU,67.45,153.68,-2.85,91,100,7.16,overcast clouds
624,Chadan,RU,51.28,91.58,22.98,93,94,0.74,overcast clouds
625,Rio Brilhante,BR,-21.8,-54.55,69.73,68,31,4.7,scattered clouds
626,Rumoi,JP,43.93,141.64,56.37,84,77,11.63,light rain
627,Oga,IT,46.46,10.35,50.0,53,90,2.24,overcast clouds
628,Bontang,ID,0.13,117.5,78.67,82,100,9.64,moderate rain
629,Rincon,US,32.3,-81.24,66.2,72,75,5.82,broken clouds
630,Severo-Yeniseyskiy,RU,60.37,93.04,31.28,98,100,14.85,overcast clouds
631,Jingdezhen,CN,29.29,117.21,58.86,92,100,3.0,overcast clouds
632,Santa Cruz Del Norte,CU,23.15,-81.92,80.6,100,20,4.7,few clouds
633,Totana,ES,37.77,-1.5,60.01,81,0,1.99,clear sky
634,Bonavista,CA,48.65,-53.11,36.0,74,3,8.05,clear sky
635,Qui Nhon,VN,13.77,109.23,75.96,83,100,14.41,light rain
636,Henties Bay,NA,-22.12,14.28,55.0,90,31,1.01,scattered clouds
637,San Jose,US,37.34,-121.89,82.99,31,75,5.82,haze
638,Batagay-Alyta,RU,67.8,130.41,-10.57,85,74,1.79,broken clouds
639,Putina,PE,-15.47,-69.43,47.37,73,53,11.86,broken clouds
640,Tchibanga,GA,-2.85,11.03,71.56,99,100,2.08,overcast clouds
641,Mantua,IT,45.17,10.78,55.0,96,23,1.99,few clouds
642,Mnogovershinnyy,RU,53.94,139.92,35.6,96,97,3.24,overcast clouds
643,Rodez,FR,44.5,2.58,55.0,87,0,5.82,clear sky
644,Severodvinsk,RU,64.56,39.83,32.0,89,90,4.47,overcast clouds
645,Yumen,CN,40.28,97.2,26.38,89,0,1.66,clear sky
646,Salinas,US,36.68,-121.66,79.0,44,1,11.41,clear sky
647,Topola,RS,44.25,20.68,48.2,100,0,3.69,clear sky
648,Kuki,JP,36.07,139.67,66.99,23,40,3.02,scattered clouds
649,Agadir,MA,30.42,-9.6,60.8,77,0,8.05,clear sky
650,Batemans Bay,AU,-35.72,150.18,66.99,71,37,1.01,scattered clouds
651,Sorong,ID,-0.88,131.25,82.63,78,99,6.58,overcast clouds
652,Oussouye,SN,12.48,-16.55,80.6,94,0,2.24,clear sky
653,Malabo,GQ,3.75,8.78,78.4,82,98,4.92,light rain
654,Todos Santos,MX,23.45,-110.22,81.0,74,8,1.99,clear sky
655,Jining,CN,35.41,116.58,53.24,41,0,4.45,clear sky
656,Ust-Kuyga,RU,70.02,135.6,-15.86,87,98,8.12,overcast clouds
657,Tahta,EG,26.77,31.5,75.2,57,20,8.05,few clouds
658,Bagdarin,RU,54.43,113.6,6.04,81,0,4.47,clear sky
659,Taksimo,RU,56.34,114.88,3.81,81,4,2.37,clear sky
660,Nizhneangarsk,RU,55.78,109.55,10.65,77,0,5.46,clear sky
661,Solnechnyy,RU,50.72,136.63,34.27,87,29,4.03,scattered clouds
662,Nampula,MZ,-15.12,39.27,70.65,91,14,1.86,few clouds
663,College,US,64.86,-147.8,1.99,77,40,1.23,scattered clouds
664,Mende,FR,44.67,3.5,47.61,94,97,0.34,overcast clouds
665,Kunming,CN,25.04,102.72,64.0,100,90,13.42,light intensity shower rain
666,Shunyi,CN,40.12,116.65,48.99,21,0,8.95,clear sky
667,Sidi Ali,DZ,36.1,0.42,60.44,66,0,2.15,clear sky
668,Pozo Colorado,PY,-23.49,-58.8,72.5,44,1,6.67,clear sky
669,Cuyo,PH,10.85,121.01,83.53,77,85,16.04,light rain
670,Smithers,CA,54.78,-127.17,51.8,76,90,6.93,overcast clouds
671,Mana,GF,5.66,-53.78,81.25,79,93,10.42,light rain
672,Yei,SS,4.09,30.68,66.24,95,99,0.38,overcast clouds
673,Katangli,RU,51.71,143.23,44.11,95,100,13.27,light rain
674,Natal,BR,-5.79,-35.21,78.8,83,40,10.29,scattered clouds
675,Kamyshevatskaya,RU,46.41,37.96,55.56,74,29,23.49,scattered clouds
676,Ilek,RU,51.53,53.38,41.45,67,39,9.93,scattered clouds
677,Talara,PE,-4.58,-81.27,63.41,90,74,13.18,broken clouds
678,Abaza,RU,52.66,90.09,27.88,92,56,4.41,broken clouds
679,La Ronge,CA,55.1,-105.28,41.0,75,95,4.7,overcast clouds
680,Moskovskiy,RU,55.6,37.35,41.0,100,90,8.95,mist
681,Jiaojiang,CN,28.68,121.44,66.99,74,91,1.01,overcast clouds
682,Kampot,KH,10.62,104.18,75.2,94,20,7.0,few clouds
683,Darnah,LY,32.77,22.64,69.48,63,30,12.39,scattered clouds
684,Saluzzo,IT,44.65,7.49,50.0,100,33,3.36,fog
685,Saint-Leu,RE,-21.15,55.28,69.8,56,90,8.05,overcast clouds
686,Skelleftea,SE,64.75,20.95,45.0,93,100,14.99,drizzle
687,Olga,RU,43.74,135.29,43.41,62,48,7.36,scattered clouds
688,San Cristobal,VE,7.77,-72.22,80.6,83,40,2.24,scattered clouds
689,Shetpe,KZ,44.17,52.12,54.5,34,1,9.35,clear sky
690,Soto La Marina,MX,23.77,-98.22,70.81,63,1,8.48,clear sky
691,Hammerfest,NO,70.66,23.68,42.8,75,0,20.8,clear sky
692,Farsund,NO,58.09,6.8,51.01,93,100,18.45,light rain
693,Puerto Del Rosario,ES,28.5,-13.86,69.8,88,75,16.11,broken clouds
694,Bumba,CD,2.18,22.47,70.97,95,99,2.01,overcast clouds
695,Ambon,ID,-3.7,128.18,84.0,93,100,7.72,light rain
696,Ponta Delgada,PT,37.73,-25.67,62.6,88,75,20.8,light intensity shower rain
697,Tornio,FI,65.85,24.15,44.6,81,100,16.11,overcast clouds
698,Raudeberg,NO,61.99,5.14,46.99,86,98,23.26,moderate rain
699,Troitsko-Pechorsk,RU,62.71,56.2,24.85,97,57,6.15,broken clouds
700,Matay,EG,28.42,30.78,66.06,63,0,12.68,clear sky
701,Saint-Georges,GD,12.06,-61.75,78.8,88,75,18.34,light rain
702,Pinsk,BY,52.12,26.1,38.07,94,0,1.5,clear sky
703,Dalbandin,PK,28.89,64.41,47.7,35,0,5.06,clear sky
704,Yelizovo,RU,53.19,158.38,35.6,64,13,6.71,few clouds
705,Coahuayana,MX,18.73,-103.68,82.15,72,4,2.53,clear sky
